ClusterName,ClusterMean,ClusterVariance
Cluster 0,87.72003,1212.019
Cluster 1,86.21902,691.29956
Cluster 2,76.47257,976.4041
Cluster 3,135.3032,1802.4213
