ClusterName,ClusterMean,ClusterVariance
Cluster 0,97.06264,735.85364
Cluster 1,67.617615,605.41345
Cluster 2,111.35732,1493.085
Cluster 3,68.714714,775.7471
